vinNumber,color,sellerid,sellDate,sellPrice,buyerId,buyDate,buyPrice
3N6CM0KN5FK802682,red,270,12/8/14,8468.00,1412,1/17/15,10477.00
JTJYWRBZ7F2064676,pink,37,12/18/14,5592.00,1336,1/25/15,9448.00
WBA3B9C59DJ875982,pink,56,12/24/14,7386.00,1363,1/26/15,12237.00
WDDEJ7EB4CA729094,orange,78,12/18/14,7018.00,1219,2/5/15,11335.00
WP0AB2A81CS392834,pink,458,12/17/14,5935.00,1023,2/5/15,7780.00
WAUKF98P59A233518,orange,963,12/28/14,7575.00,1354,2/5/15,11289.00
3N1AB6AP7AL073757,red,79,12/6/14,8471.00,1449,2/7/15,12692.00
3VWAL7AJ5AM333429,pink,477,1/27/15,5406.00,1469,2/16/15,8607.00
1G4HD5EMXAU763570,pink,275,1/12/15,8102.00,1224,2/17/15,12649.00
JN1CV6EK1BM027850,pink,341,1/1/15,7765.00,1425,3/1/15,8825.00
WBADX7C53DJ570004,purple,613,1/8/15,5374.00,1004,3/3/15,7410.00
JTHBE5C22B5133982,orange,130,1/19/15,9097.00,1105,3/7/15,12829.00
2G4GN5EX9E9620776,pink,859,1/24/15,6896.00,1108,3/13/15,11087.00
WBANA53525B349435,orange,518,2/5/15,7761.00,1226,3/19/15,11197.00
WA1WYAFE7AD976244,orange,632,2/4/15,7289.00,1294,3/21/15,10195.00
WAUTFAFH6CN299447,red,730,1/25/15,6367.00,1217,3/24/15,7962.00
WBA3C3G51EN915776,red,317,2/26/15,6117.00,1333,3/25/15,8938.00
WBAFR9C5XDD359928,purple,533,1/23/15,6649.00,1409,3/30/15,8910.00
3C63D3FL9CG618963,orange,901,12/21/14,6100.00,1305,4/2/15,7115.00
WDDLJ6FB1FA244397,pink,683,3/5/15,5487.00,1015,4/3/15,7086.00
WBA3A5C51EP112090,red,826,1/7/15,5689.00,1114,4/5/15,6777.00
2G4WD532451303668,orange,965,3/3/15,8805.00,1177,4/5/15,12107.00
SCFEBBCF9CG804581,purple,756,12/26/14,7106.00,1230,4/6/15,11653.00
YV4902DZ4E2133607,pink,254,11/29/14,5462.00,1445,4/9/15,7712.00
1G6EC12952B891217,orange,373,1/26/15,5559.00,1425,4/10/15,6697.00
WBAKF5C58DJ741585,purple,366,3/21/15,9631.00,1228,4/12/15,11417.00
JN8AE2KP8C9816356,red,510,12/31/14,6466.00,1460,4/12/15,8288.00
SCBLC43F66C405561,orange,259,2/27/15,7347.00,1397,4/14/15,11672.00
WAUXL58EX4A175386,purple,444,1/24/15,6562.00,1091,4/15/15,10118.00
WAUNF78P47A320289,orange,914,2/21/15,9232.00,1160,4/15/15,10340.00
WBAKF5C56DJ973618,red,504,1/5/15,5488.00,1419,4/16/15,9386.00
1D7CW3BK6AS296195,red,502,3/16/15,7702.00,1070,4/22/15,9497.00
JHMFA3F26AS936520,pink,112,12/7/14,9828.00,1411,4/23/15,11059.00
1FTEX1CW4AK823492,red,483,12/6/14,7042.00,1345,4/23/15,10904.00
WBAEW53474P982796,purple,107,2/4/15,7038.00,1181,4/28/15,10052.00
JN8AS5MT6FW180143,red,7,2/7/15,5005.00,1459,4/29/15,9548.00
WDDEJ7KB3AA376493,red,585,2/1/15,5157.00,1001,5/2/15,6230.00
1G6DD1E31E0196426,purple,759,12/24/14,8213.00,1454,5/5/15,11585.00
WBAHL83526D178104,purple,329,12/6/14,5325.00,1070,5/6/15,8303.00
3VW467AT1DM524534,red,420,4/14/15,6863.00,1263,5/6/15,7977.00
JH4DC538X3C696701,orange,236,3/14/15,9867.00,1296,5/11/15,10869.00
1D7RE3GK8BS863918,purple,843,12/4/14,9110.00,1215,5/13/15,12734.00
2T1BU4EE0CC738156,purple,45,4/24/15,5574.00,1183,5/15/15,8110.00
4T1BK1EB4FU475926,red,701,1/7/15,8962.00,1357,5/16/15,13706.00
5J8TB3H57EL098735,red,297,12/3/14,8772.00,1250,5/17/15,10938.00
5UXFB33562L962736,orange,104,1/17/15,9793.00,1311,5/18/15,14494.00
3D73Y3CL6AG712819,pink,287,2/8/15,5033.00,1211,5/19/15,8410.00
5J8TB3H32FL580982,orange,581,1/4/15,5745.00,1357,5/21/15,8021.00
WBACN33491L510035,pink,978,4/25/15,8777.00,1131,5/21/15,11855.00
JTEBU5JR0E5344599,purple,17,2/2/15,9353.00,1055,5/22/15,11551.00
1G6DJ8E33D0781895,purple,603,1/3/15,9693.00,1239,5/22/15,14140.00
WAUDH98E96A224768,orange,193,4/14/15,8627.00,1238,5/23/15,11067.00
SAJWA0FB2BL235258,purple,658,2/4/15,7892.00,1245,5/23/15,9862.00
YV1902AH2D1404175,red,874,4/27/15,6744.00,1169,5/23/15,8599.00
JH4CU2F65AC947204,orange,806,3/5/15,5171.00,1451,5/25/15,7251.00
WAUSF98E27A504000,orange,721,3/25/15,8876.00,1299,5/28/15,11499.00
1B3CB9HA0AD388769,red,867,4/3/15,6717.00,1374,5/28/15,9704.00
1N6AA0EJ9FN676524,pink,591,2/5/15,5188.00,1474,5/29/15,8824.00
WAUVT68E62A861886,pink,115,3/16/15,5820.00,1153,6/3/15,9720.00
2FMHK6DT5AB856889,purple,129,1/27/15,7489.00,1017,6/3/15,9983.00
JA32U1FUXAU665977,pink,881,12/22/14,6677.00,1498,6/4/15,9417.00
1N6AA0CA2FN783725,pink,814,5/13/15,6922.00,1096,6/5/15,10403.00
5TFCY5F15DX404007,pink,857,5/13/15,5319.00,1006,6/7/15,9908.00
WBANB33565C368873,pink,435,12/12/14,9782.00,1197,6/8/15,12355.00
3C3CFFER0DT372005,orange,584,1/5/15,6099.00,1091,6/8/15,7237.00
JA32U2FU5DU450243,purple,760,1/3/15,7646.00,1019,6/8/15,10978.00
ZHWGU6BZ8CL978564,pink,406,3/7/15,8262.00,1342,6/9/15,9766.00
WA1AY74L38D992658,red,487,1/25/15,8400.00,1147,6/9/15,11184.00
5FNRL5H27FB136282,purple,773,2/10/15,9192.00,1006,6/11/15,12579.00
WAUDL54F15N207282,red,670,11/30/14,6536.00,1442,6/13/15,11306.00
WAUAFAFL0AN822616,pink,974,3/7/15,7868.00,1358,6/18/15,11727.00
2G61L5S33E9175407,orange,209,5/13/15,8297.00,1226,6/19/15,12732.00
1G4HR54K95U070416,red,628,2/7/15,9014.00,1224,6/19/15,12882.00
5N1AN0NW5FN915601,pink,728,5/9/15,7820.00,1291,6/20/15,11427.00
JM1NC2MF6D0761130,purple,781,12/13/14,9163.00,1230,6/20/15,12132.00
5UXKU6C52F0169371,purple,639,1/14/15,9078.00,1109,6/21/15,10408.00
3C4PDCEG8DT170206,red,238,5/12/15,6955.00,1236,6/26/15,8940.00
1G6AB5S39F0710951,pink,372,2/19/15,7682.00,1229,6/26/15,12494.00
KMHTC6AD2DU945471,purple,580,5/25/15,6507.00,1431,6/27/15,7646.00
1G4HE57Y76U652964,pink,183,4/16/15,6703.00,1241,6/28/15,10453.00
1G4GC5ER1DF733022,pink,693,5/22/15,8658.00,1409,7/6/15,13333.00
WAUAF78E78A427562,orange,58,2/21/15,6904.00,1275,7/7/15,11814.00
WBXPA93454W197980,red,357,5/13/15,9605.00,1420,7/9/15,12366.00
1D7RB1CP5AS431915,orange,710,5/23/15,6742.00,1003,7/10/15,7939.00
KL4CJESB6FB856044,pink,80,5/8/15,6520.00,1009,7/11/15,9393.00
3D73M3HL6BG852911,pink,997,4/24/15,8987.00,1450,7/11/15,13931.00
2C4RDGCG4CR822632,red,128,6/20/15,9578.00,1220,7/19/15,13919.00
1GYS4AEF6CR497467,orange,293,2/12/15,9626.00,1284,7/20/15,14037.00
19UUA86219A743751,purple,878,1/9/15,7597.00,1160,7/20/15,9553.00
1C4SDHCT9EC724566,pink,204,5/24/15,5975.00,1411,7/21/15,10956.00
KNADM4A31D6323382,red,618,3/22/15,7671.00,1250,7/21/15,12446.00
WP0AA2A95AS722659,purple,698,3/20/15,9128.00,1290,7/21/15,10130.00
WAUHE78P18A048866,pink,685,2/27/15,6077.00,1437,7/23/15,9570.00
5BZAF0AA2EN501847,orange,142,1/25/15,8001.00,1056,7/24/15,10130.00
1HGCP2E76BA646555,red,839,5/8/15,5376.00,1343,7/26/15,7394.00
19XFB4F2XFE545918,orange,970,3/26/15,7618.00,1423,7/28/15,12227.00
1N4AL3AP1EC379336,red,264,4/3/15,6876.00,1114,8/2/15,7962.00
WVWAA7AJ8BW545364,orange,289,5/17/15,9482.00,1093,8/2/15,12877.00
3C6JD6AK9CG135237,orange,811,3/10/15,6780.00,1332,8/2/15,11339.00
WAUFFAFL1FA691068,pink,566,3/16/15,8050.00,1349,8/5/15,12898.00
5XYKT3A13CG428975,red,615,6/26/15,7608.00,1014,8/5/15,12558.00
1D7RW7GP2AS720932,orange,93,6/26/15,7863.00,1464,8/6/15,11510.00
3GYEK62N76G574024,purple,758,3/10/15,9093.00,1363,8/6/15,10604.00
3VW217AU9FM386274,orange,535,1/25/15,6599.00,1382,8/9/15,10118.00
5UMCL93452L546068,purple,123,6/12/15,8649.00,1394,8/12/15,12842.00
WAULC68EX5A453869,pink,32,6/20/15,8954.00,1249,8/14/15,13061.00
SALVP1BG3CH622978,orange,407,6/24/15,5826.00,1024,8/14/15,10057.00
2HNYD18726H111310,purple,296,5/11/15,5272.00,1238,8/15/15,7018.00
SCFAD02AX7G864460,red,124,7/13/15,7558.00,1250,8/16/15,11018.00
WBASP4C5XCC313401,pink,943,2/10/15,5574.00,1021,8/20/15,9313.00
YV440MBD6F1233440,pink,310,6/19/15,8422.00,1324,8/21/15,9885.00
JN8AE2KPXF9699982,pink,106,7/5/15,6675.00,1009,8/24/15,10166.00
KL4CJASB2EB952907,pink,813,4/3/15,8582.00,1330,8/27/15,12008.00
2G4GP5EX0F9164369,purple,592,4/21/15,7569.00,1417,8/30/15,10100.00
1G6DE5EG5A0209163,pink,87,2/26/15,5375.00,1346,8/31/15,7178.00
1VWAH7A32CC207388,purple,377,3/14/15,8747.00,1100,8/31/15,12878.00
1C4RDJAGXEC447230,pink,150,4/12/15,6540.00,1076,9/1/15,9778.00
3GYFNAE39DS683801,orange,225,2/13/15,5033.00,1050,9/1/15,9594.00
1G6DV8EP5D0429974,orange,720,3/8/15,5116.00,1026,9/2/15,6895.00
JTEBU5JRXE5816503,purple,797,4/26/15,7081.00,1109,9/3/15,10498.00
3GTXKYEJ4AG263338,orange,272,7/13/15,5092.00,1242,9/4/15,7326.00
2HNYD28378H052003,orange,347,5/10/15,9498.00,1187,9/5/15,11105.00
WAUMF98K49A385058,pink,481,4/5/15,9238.00,1369,9/6/15,13427.00
1FTWX3B54AE015327,purple,818,3/19/15,8226.00,1173,9/7/15,12540.00
SALAB2V6XFA033588,orange,138,3/21/15,9612.00,1391,9/8/15,10991.00
WBAFR9C52BC390870,orange,375,3/16/15,7802.00,1389,9/8/15,8994.00
WDDPK4HA1CF066335,orange,983,3/9/15,6036.00,1133,9/12/15,9830.00
WAUJC68E45A168687,orange,436,6/30/15,9360.00,1288,9/17/15,11918.00
WA1LMAFE1CD909155,purple,94,6/19/15,5407.00,1472,9/18/15,7529.00
1G6AY5SXXE0387381,purple,177,8/4/15,9975.00,1073,9/19/15,13882.00
WBALX3C50CD349431,pink,135,6/4/15,9871.00,1222,9/20/15,14369.00
WDDLJ9BB3FA360787,orange,475,4/17/15,6111.00,1354,9/23/15,8654.00
WBADX7C50DP213974,pink,578,6/4/15,7310.00,1040,9/23/15,8932.00
WAUAF78E78A009325,red,873,7/22/15,6879.00,1477,9/23/15,10221.00
3FA6P0PU6FR110970,red,910,3/17/15,9475.00,1190,9/25/15,13499.00
1G6AE1RX1F0804492,purple,298,4/14/15,9139.00,1255,9/26/15,13925.00
JN1AZ4EH4FM133722,red,570,3/26/15,7324.00,1206,9/27/15,8889.00
3VWJX7AJ0AM039991,red,547,9/3/15,8229.00,1343,9/28/15,10799.00
3GYEK62N66G256024,orange,695,8/20/15,8560.00,1392,9/28/15,10479.00
3TMJU4GN8FM645261,purple,661,4/22/15,9600.00,1497,9/29/15,13042.00
1B3CB4HA0AD102034,purple,394,5/15/15,8043.00,1105,9/30/15,12165.00
1FTSW3A58AE805796,orange,416,6/21/15,5948.00,1431,9/30/15,8210.00
WA1VMBFE2AD515689,orange,887,6/2/15,5775.00,1281,9/30/15,8722.00
WAU3VAFR5CA482972,orange,229,5/21/15,9384.00,1097,10/4/15,11842.00
1GD12ZCG0CF161747,orange,657,8/18/15,9695.00,1124,10/4/15,12442.00
3C4PDCEGXDT657732,orange,918,8/18/15,8065.00,1020,10/4/15,12226.00
3C63D3NL9CG864154,orange,899,6/13/15,9538.00,1264,10/5/15,14288.00
WBA3B3G50DN578342,orange,44,9/7/15,7719.00,1194,10/6/15,12247.00
4T3BA3BB9DU864553,purple,144,9/15/15,5650.00,1040,10/6/15,9990.00
WDDNG7DB2CA068844,orange,803,7/19/15,7778.00,1305,10/6/15,11825.00
JN8AF5MV0FT724076,red,145,8/23/15,6908.00,1252,10/7/15,8286.00
5TDDCRFH7ES286959,purple,841,6/23/15,5724.00,1345,10/10/15,7291.00
5UXKR2C5XF0980698,purple,81,8/27/15,5356.00,1111,10/11/15,8973.00
4T1BD1EB0FU436079,orange,680,6/6/15,7956.00,1416,10/11/15,11609.00
1C4PJLAK6CW997679,orange,544,5/19/15,7260.00,1201,10/13/15,10595.00
1G6D25EY6B0275935,pink,426,4/18/15,5373.00,1334,10/14/15,10146.00
2HNYD2H44DH513676,pink,513,4/15/15,5583.00,1178,10/14/15,9683.00
1G6AM5SX1D0066257,purple,396,7/21/15,7535.00,1146,10/15/15,12254.00
WA1VMAFE0DD247773,orange,597,9/20/15,6789.00,1045,10/21/15,11528.00
1N6AA0EC9DN045125,pink,345,4/11/15,5043.00,1042,10/22/15,8078.00
1D4PT4GX6BW009160,orange,561,9/12/15,7425.00,1342,10/22/15,8898.00
WUAPV64B73N266205,orange,538,8/13/15,6150.00,1138,10/26/15,10087.00
1N6AD0CU2FN272632,pink,646,7/15/15,7040.00,1124,10/27/15,8675.00
WBANV9C55AC773918,orange,29,10/6/15,8529.00,1213,10/30/15,12966.00
WBAKE5C50DJ743172,red,889,7/7/15,8746.00,1238,10/30/15,11774.00
1N6AA0CJ2EN865162,pink,409,9/5/15,6777.00,1024,11/2/15,10022.00
WAUCKAFR5AA227101,red,451,5/7/15,8393.00,1459,11/3/15,10600.00
1GYUKCEF6AR481437,purple,157,8/19/15,9156.00,1073,11/4/15,10701.00
3C4PDDBG1DT183843,purple,250,7/2/15,7975.00,1053,11/5/15,12912.00
JTHSE5BC6F5623857,purple,586,10/10/15,7679.00,1384,11/6/15,10508.00
WAUEF98E67A464341,purple,653,8/22/15,7992.00,1362,11/11/15,9994.00
WBAGN63493D316833,red,358,9/18/15,5768.00,1338,11/12/15,10213.00
WBA5B3C58ED054149,orange,860,10/9/15,9112.00,1106,11/17/15,10148.00
SCBGT3ZA3FC379475,pink,184,10/24/15,5618.00,1282,11/18/15,10241.00
WBAXG5C57CD516834,orange,944,7/30/15,5931.00,1141,11/18/15,9759.00
4A31K2DF8BE228601,red,437,10/14/15,5835.00,1185,11/19/15,8365.00
3D73M4CL2BG052538,orange,679,7/9/15,9454.00,1038,11/19/15,11126.00
2G4GT5GV1D9202115,red,777,6/13/15,8013.00,1145,11/21/15,9312.00
JTHBE1KS2B0953681,pink,27,9/21/15,8787.00,1319,11/22/15,12152.00
4USBT33494L009357,purple,60,7/16/15,5355.00,1293,11/22/15,9781.00
1G6DL5E37C0042925,red,273,10/21/15,7903.00,1055,11/22/15,11963.00
5UXZV4C50CL385035,red,99,8/5/15,6837.00,1356,11/24/15,7872.00
JTDZN3EU7EJ945910,orange,614,7/8/15,7112.00,1421,11/24/15,11904.00
WA1CGBFE7ED231656,red,996,10/28/15,8421.00,1116,11/29/15,12343.00
WAUKG78E55A045768,orange,671,7/11/15,8918.00,1095,11/30/15,10977.00
WBAGN83423D246376,red,169,7/10/15,7700.00,1025,12/1/15,10002.00
YV1612FS7E1619606,pink,164,5/16/15,7978.00,1120,12/2/15,9983.00
1G6KD57978U073260,purple,915,6/3/15,6457.00,1188,12/2/15,9113.00
3N1CN7AP1DL657906,orange,439,8/2/15,6631.00,1215,12/7/15,8133.00
SALVP2BG7FH663253,purple,672,10/22/15,9040.00,1224,12/7/15,13755.00
WVGAV7AX2AW161227,red,648,7/12/15,7305.00,1495,12/10/15,9155.00
1G6KD57Y19U261071,orange,776,6/11/15,8555.00,1354,12/10/15,13402.00
1N6AD0CU4CN840228,purple,750,5/29/15,7129.00,1374,12/15/15,10128.00
3D73M3CL8BG481838,red,622,7/11/15,8091.00,1269,12/22/15,9421.00
WAUMR44E26N096484,pink,745,6/17/15,7660.00,1215,12/23/15,12598.00
TRURD38J381884635,red,308,10/21/15,8031.00,1031,12/28/15,11065.00
1G6DN57S350920156,pink,75,11/8/15,6366.00,1495,12/29/15,10529.00
WBALY1C57ED329746,pink,738,7/15/15,8167.00,1203,12/30/15,9861.00
1D7RV1GPXBS723191,orange,36,11/15/15,6626.00,1353,1/1/16,8499.00
JN8AF5MR1CT417756,purple,76,7/27/15,9034.00,1239,1/2/16,10639.00
WBA3R5C59FK290062,orange,72,10/9/15,5963.00,1039,1/4/16,9627.00
5XYKT3A19BG098905,orange,616,6/25/15,9792.00,1102,1/4/16,12705.00
WAUNF78P88A911260,orange,228,10/25/15,5048.00,1435,1/5/16,6108.00
WAU3FAFR4DA914191,pink,71,7/23/15,9815.00,1400,1/6/16,13126.00
1FMCU0F75FU503930,red,424,10/25/15,6320.00,1233,1/11/16,7897.00
2C4RDGCG6FR968485,pink,55,11/25/15,9137.00,1326,1/14/16,12733.00
JN1CV6AP0CM375965,orange,10,7/4/15,7376.00,1236,1/15/16,9166.00
3TMJU4GN0DM051261,pink,926,10/27/15,7791.00,1299,1/16/16,9836.00
WAUDGBFL6CA190537,orange,448,7/11/15,9176.00,1183,1/19/16,10531.00
WAUMGBFL8BA410565,purple,227,10/13/15,9225.00,1298,1/21/16,13344.00
WBALL5C59DJ085569,purple,529,12/30/15,7970.00,1256,1/22/16,11534.00
1N4AA5AP9EC712402,pink,6,9/24/15,5624.00,1237,1/24/16,8718.00
WAU4FBFL7AA933464,pink,765,7/20/15,5425.00,1335,1/28/16,7384.00
WVGDP9BP7ED817828,orange,85,12/17/15,8038.00,1459,1/29/16,11634.00
JM3TB2CVXF0423906,pink,815,9/30/15,8330.00,1375,2/4/16,12150.00
3D73Y4EL0AG245738,reed,827,10/8/15,9216.00,1273,2/5/16,12923.00
3GYFNGEY1BS866508,pink,650,1/10/16,6329.00,1063,2/11/16,10707.00
YV4952CF4E1032369,red,441,1/3/16,6930.00,1045,2/14/16,8059.00
5J8TB3H37GL923819,orange,496,9/2/15,7796.00,1366,2/14/16,8798.00
3GYT4MEF2CG646964,purple,743,10/29/15,7893.00,1206,2/15/16,9249.00
SCFBF04B97G395625,red,877,10/28/15,8562.00,1062,2/15/16,11811.00
1G6KD57Y38U103278,red,455,8/28/15,6505.00,1030,2/20/16,9316.00
SCBBR93W57C226985,purple,525,12/15/15,6288.00,1394,2/20/16,10974.00
JN1AZ4EH4EM694646,red,170,12/25/15,9253.00,1380,2/21/16,11791.00
WBAWV13509P337133,red,484,9/1/15,5547.00,1151,2/23/16,7915.00
WBA3X5C57ED365625,ornge,285,10/24/15,5704.00,1162,2/24/16,9375.00
WAUDG94F05N802846,red,62,2/4/16,5241.00,1062,2/25/16,6633.00
1C4RDJAG0DC541020,red,97,8/16/15,5532.00,1163,2/25/16,7782.00
1G6YV34A745968455,pink,376,1/8/16,5240.00,1025,2/25/16,9887.00
JH4CU4F48CC853637,orange,705,10/20/15,7473.00,1409,2/27/16,10556.00
1C4SDHCT6CC614765,orange,572,8/13/15,7998.00,1498,2/29/16,11520.00
2FMPK3K9XFB164569,orange,949,12/27/15,7243.00,1485,3/1/16,10105.00
WBAYP9C53DD532168,red,21,12/3/15,5802.00,1437,3/4/16,9599.00
SAJWA0EX5E8189719,orange,205,1/28/16,5985.00,1492,3/8/16,8676.00
WBAPH5G59AN616691,red,582,9/15/15,5826.00,1243,3/9/16,10265.00
WAUSF98E36A667124,red,485,10/23/15,9520.00,1173,3/11/16,12535.00
1G6AE5SX3E0462138,pink,900,1/19/16,7289.00,1337,3/12/16,10678.00
WAUWGAFC0EN430051,purple,775,11/4/15,9437.00,1085,3/13/16,12273.00
WA1LFBFP6BA055250,pink,929,1/25/16,7929.00,1172,3/15/16,9023.00
JH4CU2F61DC953702,red,509,2/7/16,8028.00,1414,3/16/16,13016.00
WBAFV3C59FD288555,red,101,9/11/15,6672.00,1227,3/17/16,10846.00
JTDKN3DP0C3092720,red,611,2/20/16,5610.00,1412,3/19/16,9511.00
WAUNF68P16A503352,red,133,10/21/15,8783.00,1094,3/20/16,13099.00
JTEBU5JR8F5858296,purple,159,2/6/16,5458.00,1205,3/21/16,9266.00
KMHGC4DE0AU788190,red,647,11/19/15,7450.00,1470,3/21/16,9529.00
3D7JV1EP0AG337644,purple,305,10/21/15,8156.00,1008,3/22/16,10853.00
1G6DM8EV1A0792236,purple,379,12/17/15,9423.00,1120,3/22/16,10669.00
1N6AA0EK7FN176080,orange,606,11/20/15,5641.00,1170,3/22/16,10420.00
SCFAB02AX6G653294,pink,42,11/30/15,5458.00,1258,3/24/16,6797.00
1GYUCHEF8AR562367,pink,105,2/21/16,7747.00,1455,3/25/16,12740.00
4T1BK1EB8FU961140,red,933,10/26/15,8258.00,1157,3/27/16,12848.00
2G4GT5GR6D9090849,orange,330,12/21/15,9577.00,1349,3/29/16,13493.00
19XFA1E38AE908477,red,267,11/16/15,6172.00,1048,3/31/16,9059.00
JTHDU1EF2C5900655,orange,450,12/29/15,6322.00,1278,3/31/16,8755.00
5N1AA0NE7FN865836,purple,762,10/16/15,6748.00,1362,3/31/16,8865.00
JN8AF5MR3CT008268,purple,808,10/9/15,6132.00,1354,4/2/16,7268.00
5UMDU93587L502082,red,362,1/26/16,7912.00,1167,4/6/16,9866.00
3VWKP7AJ3CM397612,pink,623,2/3/16,6590.00,1027,4/6/16,10784.00
1FM5K7B86EG527236,purple,256,2/25/16,6455.00,1320,4/8/16,9836.00
2T1BURHE5EC815986,red,158,3/1/16,7489.00,1318,4/11/16,12479.00
1G4GF5G36EF589095,pink,240,1/18/16,8646.00,1051,4/11/16,10665.00
WP0AA2A8XAU821540,red,327,1/3/16,8391.00,1340,4/11/16,13055.00
SAJWA4DC9BM763585,red,984,3/19/16,7579.00,1413,4/15/16,9441.00
1ZVBP8JZ5D5602821,pink,833,2/10/16,9933.00,1232,4/16/16,12062.00
SAJWA4DB7DL018897,pink,1000,10/11/15,9587.00,1184,4/16/16,11586.00
WUALNAFG6EN629400,red,172,1/14/16,7348.00,1375,4/17/16,10063.00
NM0KS9BN2CT721873,puppurle,446,12/21/15,8708.00,1481,4/17/16,12791.00
WAUHFAFL9FN548774,orange,339,12/9/15,9800.00,1248,4/19/16,12899.00
KMHHU6KJ9FU960950,orange,659,1/10/16,7285.00,1271,4/20/16,9822.00
WAUNF78P08A520782,pink,741,3/30/16,5412.00,1292,4/22/16,7472.00
WAUAF78E27A103952,purple,855,10/30/15,6294.00,1250,4/22/16,10244.00
WAUBF98E37A469239,orange,550,1/13/16,5210.00,1286,4/24/16,8213.00
WVGEF9BP7DD275961,orange,548,12/21/15,9828.00,1298,4/25/16,11451.00
WBSBR93406P212066,red,629,3/3/16,7704.00,1034,4/26/16,11248.00
1C4RJEAG3FC371156,red,643,2/27/16,6115.00,1035,4/26/16,9322.00
KM8JT3AB5CU699972,orange,651,4/3/16,7653.00,1023,4/26/16,12168.00
1B3CB9HA8BD963704,purple,65,10/30/15,5336.00,1291,4/29/16,9528.00
JN8AF5MR3FT700843,orange,962,10/17/15,6717.00,1276,4/29/16,8681.00
KMHD35LH8FU832089,red,690,11/4/15,9238.00,1495,4/30/16,11088.00
1G6YV34A245380950,red,119,3/5/16,8822.00,1450,5/1/16,11387.00
TRURD38JX91751971,pink,711,12/21/15,8127.00,1354,5/2/16,12618.00
SAJWA4DC4DM923973,orange,268,2/4/16,9519.00,1428,5/4/16,13824.00
SCFAD02A65G924599,pink,625,2/29/16,9789.00,1449,5/4/16,12482.00
1GTN1TEX0CZ891918,purple,668,1/30/16,9777.00,1437,5/4/16,14331.00
1B3CC1FB2AN991422,orange,235,3/30/16,9043.00,1232,5/5/16,12356.00
WUARL48HX6K982913,pink,38,11/7/15,9129.00,1131,5/6/16,11996.00
1G4GG5G39DF413847,pink,343,3/17/16,7642.00,1037,5/6/16,10593.00
ML32A3HJ5EH222081,orange,955,12/15/15,8107.00,1200,5/9/16,9407.00
2T1BURHE5FC186439,red,139,12/25/15,7333.00,1292,5/10/16,11992.00
5GADT13S552603423,orange,359,10/23/15,5510.00,1426,5/10/16,8629.00
19XFB2E52FE985082,orange,531,11/24/15,7294.00,1390,5/10/16,12182.00
KNDPB3A21D7617270,red,608,12/21/15,6646.00,1291,5/10/16,11357.00
JN1AZ4EH2BM138931,purple,823,3/25/16,5292.00,1392,5/10/16,9251.00
WAUVT58E43A608688,purple,993,1/18/16,7836.00,1032,5/10/16,11352.00
1G4GB5GR2EF202607,red,516,12/4/15,7954.00,1196,5/11/16,10328.00
5UMDU93486L904397,purple,848,10/29/15,6897.00,1277,5/11/16,9586.00
WA1YD64B62N803644,pink,805,11/1/15,8391.00,1370,5/12/16,10340.00
WBA3B3C55EJ275068,orange,390,1/16/16,7476.00,1443,5/17/16,11033.00
2T3BF4DV9AW293835,purple,755,12/13/15,9334.00,1083,5/17/16,12958.00
1G6DS5E34C0917221,red,161,1/29/16,6940.00,1124,5/18/16,9769.00
JN1CV6FE3FM693154,pink,445,11/21/15,5755.00,1160,5/19/16,8049.00
1C6RD6KP7CS203640,pink,452,4/23/16,8263.00,1488,5/19/16,10336.00
WBS3U9C52FP773395,pink,593,12/20/15,8901.00,1111,5/19/16,13739.00
19UUA8F28DA425943,orange,898,12/24/15,5968.00,1033,5/20/16,7602.00
3GYFNGE3XDS150326,red,718,3/9/16,9328.00,1191,5/22/16,12822.00
SALAG2D48DA049285,red,497,1/18/16,8085.00,1143,5/23/16,13067.00
WDDNG9FB6DA589494,pink,729,3/27/16,7203.00,1482,5/24/16,10584.00
3N1CE2CP4FL596943,purple,217,2/16/16,6967.00,1093,5/27/16,10807.00
WAUDH94F76N405830,red,716,12/23/15,8899.00,1347,5/28/16,12206.00
WDDJK7DA6DF639048,pink,224,12/7/15,9219.00,1051,5/29/16,11991.00
3C63DPKL9CG979560,red,300,1/2/16,6531.00,1108,5/30/16,8300.00
1B3CB8HBXBD021334,pink,972,11/19/15,8718.00,1303,6/3/16,11478.00
ZFBCFADH0FZ341584,red,166,3/16/16,9437.00,1355,6/4/16,13586.00
WVWAN7AN1DE286779,orange,46,1/17/16,7981.00,1352,6/6/16,8981.00
2G4WD582991718337,red,92,1/11/16,7525.00,1004,6/6/16,10363.00
3VWF17ATXFM073601,purple,223,5/16/16,6712.00,1058,6/6/16,9100.00
YV1382MS5A2562635,orange,277,1/8/16,8315.00,1127,6/8/16,9486.00
1D7RW5GK3BS886208,red,98,4/2/16,5962.00,1329,6/13/16,7611.00
SCFAD06D39G341174,red,472,5/10/16,6015.00,1410,6/18/16,9538.00
KMHHT6KD2AU174106,pink,624,1/11/16,8966.00,1311,6/18/16,13674.00
WBASN2C57AC667755,purple,600,12/22/15,6029.00,1452,6/19/16,10077.00
4T1BD1FK8FU548336,orange,840,5/27/16,9196.00,1117,6/20/16,10492.00
1G6DM57T070388606,red,834,2/15/16,8707.00,1402,6/21/16,11435.00
1G6DE5EGXA0315236,pink,987,12/21/15,9671.00,1168,6/21/16,11998.00
2C3CDYCJ0EH629401,pink,363,12/7/15,6152.00,1164,6/22/16,7451.00
WAUWFAFR7DA141178,pink,413,5/9/16,6063.00,1414,6/24/16,8186.00
1ZVBP8JS9B5702906,red,609,3/9/16,6447.00,1154,6/25/16,10523.00
JN1CV6EK4CM832694,red,689,4/20/16,5124.00,1304,6/25/16,9378.00
3GYFNGE36ES570828,red,88,2/11/16,9125.00,1221,6/28/16,13150.00
19UYA42673A078963,pink,19,4/23/16,7582.00,1295,6/29/16,10739.00
JM3ER2A54C0542053,red,633,4/12/16,7602.00,1029,6/29/16,12153.00
WBAUN7C59BV795880,red,257,5/8/16,6251.00,1487,7/1/16,9134.00
5FRYD4H81EB170917,purple,517,2/10/16,5773.00,1346,7/3/16,9178.00
3GYFNFEY1BS119968,orange,847,12/25/15,8704.00,1142,7/3/16,11620.00
KNDPB3A2XD7534971,orange,947,4/19/16,5764.00,1065,7/5/16,7482.00
2HKRM3H3XEH644174,red,532,4/10/16,8989.00,1258,7/6/16,11115.00
JN8AF5MR2DT417718,pink,33,3/20/16,8317.00,1251,7/8/16,11432.00
WBAKF3C58CE589237,orange,856,1/12/16,6086.00,1049,7/8/16,10705.00
2T1KE4EE2BC041132,orange,102,3/13/16,9945.00,1470,7/9/16,14727.00
1N6BF0KX6FN351179,purple,49,6/12/16,6792.00,1219,7/13/16,11485.00
2C3CCAGG5CH070885,red,731,12/31/15,5127.00,1201,7/14/16,9127.00
WA1WMBFE3DD432426,orange,732,1/15/16,9299.00,1361,7/16/16,11552.00
WAUVC58E95A739425,red,989,1/29/16,9825.00,1109,7/17/16,12614.00
1G6KP5ES6BU187397,orange,103,4/18/16,9305.00,1086,7/18/16,10321.00
1GT01ZCG1EF888305,red,89,4/29/16,5910.00,1002,7/19/16,7139.00
3N1CE2CP2EL759877,purple,605,3/3/16,9412.00,1441,7/19/16,12345.00
WVWGU7AN1CE631627,red,393,4/17/16,7068.00,1080,7/21/16,10875.00
1FTEW1CM2DF691783,red,332,6/11/16,5570.00,1401,7/23/16,10333.00
4T1BD1FKXCU950676,red,54,3/6/16,6890.00,1013,7/24/16,11062.00
WAUPEBFM6CA952146,red,715,3/16/16,6196.00,1277,7/24/16,10000.00
JN8AZ2KR3AT468181,purple,41,5/1/16,6366.00,1051,7/26/16,10685.00
WAUSF78K49A628699,pink,263,5/23/16,9501.00,1253,7/30/16,13858.00
JHMZF1C62ES247204,pink,744,5/18/16,6679.00,1264,7/30/16,9104.00
WAUSGAFB3AN508774,purple,828,5/9/16,7327.00,1488,8/4/16,12210.00
3D7JB1EPXAG384091,orange,779,1/23/16,5255.00,1220,8/5/16,8327.00
WBADS43422G515056,purple,391,1/24/16,8560.00,1401,8/7/16,10665.00
1GYS3AEF7CR501674,red,872,4/22/16,6544.00,1269,8/7/16,10024.00
2C3CCAPT2CH231142,orange,428,2/26/16,7677.00,1471,8/10/16,11394.00
WAUDF98E68A452459,purple,100,3/19/16,9526.00,1215,8/12/16,12468.00
WBA4B1C53FD979083,orange,117,3/9/16,8403.00,1372,8/14/16,13351.00
5J6TF1H54FL934231,red,473,5/7/16,7177.00,1250,8/14/16,11714.00
1FTWF3B54AE210654,pink,74,2/23/16,7619.00,1045,8/20/16,10374.00
3FADP4AJ3BM972175,red,924,2/25/16,5855.00,1072,8/20/16,10840.00
WAUDH78E77A261551,purple,523,6/26/16,8454.00,1053,8/22/16,10011.00
1N6AF0LY8EN539686,purple,248,6/20/16,6637.00,1215,8/24/16,9783.00
1B3CB4HA9AD385162,pink,785,5/27/16,7199.00,1189,8/25/16,8307.00
3D7JV1EP9AG216014,purple,457,8/1/16,5414.00,1120,8/27/16,9818.00
JN1CV6EK5DM987546,pink,247,3/15/16,9471.00,1097,8/31/16,11535.00
19XFB2F27CE584062,orange,340,5/12/16,6352.00,1438,8/31/16,10645.00
JTDBT4K36C1478453,purple,748,5/21/16,8595.00,1125,8/31/16,11186.00
WA1CYBFE1AD304852,pink,174,7/9/16,8642.00,1103,9/4/16,11710.00
WAUUFAFH4DN494291,purple,791,7/30/16,5996.00,1486,9/4/16,8706.00
1N6AA0CA6EN602642,purple,942,5/5/16,7449.00,1054,9/5/16,10116.00
WVGAV7AX2FW633997,red,294,4/14/16,7404.00,1101,9/6/16,8677.00
4USBT33404L497484,red,211,6/5/16,8174.00,1090,9/7/16,10717.00
3D7TP2CT6BG443140,pink,692,7/15/16,5204.00,1428,9/7/16,6998.00
2D4RN6DX6AR465783,purple,837,7/12/16,8614.00,1205,9/8/16,12054.00
5N1AT2ML6FC865232,orange,151,6/10/16,7379.00,1426,9/9/16,10960.00
WA1VMAFE6AD328076,purple,969,7/3/16,8315.00,1060,9/12/16,11905.00
WBSBL93413J403608,pink,173,7/8/16,8919.00,1053,9/13/16,10728.00
2C4JRGAG7ER532230,red,243,8/9/16,9241.00,1200,9/13/16,10541.00
JTDBT4K32A1102264,orange,306,3/20/16,9435.00,1370,9/13/16,12491.00
SCFAB42361K654134,pink,427,8/17/16,7446.00,1500,9/14/16,11698.00
1HGCP2E82AA188374,purple,136,7/9/16,6460.00,1131,9/15/16,8660.00
JH4DC53865S104641,pink,656,4/12/16,8598.00,1494,9/17/16,10734.00
5NPEB4AC9EH058926,red,68,6/23/16,5532.00,1467,9/18/16,9410.00
4T1BF1FK5FU483116,orange,336,8/18/16,9445.00,1289,9/18/16,13901.00
JTDKN3DU2F0335858,pink,440,3/24/16,5319.00,1421,9/19/16,8418.00
19UUA9F72EA222582,orange,230,4/23/16,7801.00,1474,9/25/16,12526.00
1G6DV57V590748535,pink,794,6/5/16,5082.00,1378,9/25/16,6431.00
WAUDFAFC1FN213975,pink,66,3/22/16,8346.00,1052,9/26/16,12445.00
WAUEH74F46N821651,orange,191,6/23/16,9475.00,1246,9/26/16,12160.00
5YMGY0C58AL811826,orange,323,7/27/16,9513.00,1181,9/27/16,10534.00
TRUSX28N021593667,orange,500,7/22/16,8964.00,1495,9/27/16,13951.00
4T1BD1EB4EU153134,orange,279,6/25/16,8102.00,1133,9/28/16,9898.00
WAUKC68D41A175418,orange,198,8/20/16,8557.00,1370,10/7/16,10502.00
WAUHGBFC7EN867611,purple,703,7/29/16,6003.00,1375,10/7/16,10060.00
1FMJK1G53CE546121,pink,295,7/8/16,5113.00,1252,10/9/16,6630.00
5UXFG83589L323976,pink,678,9/8/16,6768.00,1329,10/9/16,8419.00
WBAPH7C59BA769954,purple,338,4/23/16,6094.00,1012,10/10/16,8176.00
JM1DE1HY7B0823689,red,999,8/10/16,6624.00,1432,10/12/16,9849.00
1FTSW2B59AE871511,orange,884,6/12/16,8618.00,1309,10/13/16,11149.00
WAUVC58E55A892447,red,896,6/26/16,9691.00,1098,10/14/16,13400.00
1VWAS7A37FC919658,orange,219,8/14/16,9670.00,1328,10/16/16,14054.00
1G6AM5S30E0810526,purple,316,5/29/16,8779.00,1363,10/17/16,12571.00
1J4PN2GK8BW624268,pink,665,7/13/16,8134.00,1281,10/17/16,9309.00
1N6AA0CJXFN494415,purple,480,4/7/16,7351.00,1316,10/18/16,9857.00
1G6DH8EYXB0721374,pink,749,8/16/16,5830.00,1409,10/18/16,9701.00
WBAUC7C55AV478327,pink,141,7/24/16,9323.00,1337,10/22/16,13102.00
WDDUG7GB0FA779907,pink,583,6/10/16,7833.00,1301,10/22/16,12822.00
WBABD53475P940185,red,727,8/25/16,9558.00,1036,10/23/16,14438.00
SCBBR9ZA8CC283784,pink,57,5/21/16,5973.00,1288,10/26/16,7534.00
TRUUT28N021980627,purple,69,7/7/16,8746.00,1432,10/26/16,12825.00
1GYFC66838R933247,pink,352,7/24/16,6897.00,1254,10/27/16,8091.00
WDDGF5EB4BA214531,purple,654,4/10/16,6293.00,1397,10/27/16,10358.00
2FMDK3GC0BB894671,red,766,6/8/16,9537.00,1078,10/27/16,11150.00
4T3BA3BB2DU052284,red,920,6/23/16,6011.00,1245,10/27/16,10642.00
SCFFDAAE4AG557146,purple,928,6/22/16,7564.00,1285,10/27/16,10784.00
WBAYA6C53DC801694,red,301,7/1/16,9141.00,1468,10/28/16,13716.00
JTDKDTB31D1560924,red,576,4/19/16,9857.00,1140,10/29/16,12548.00
JTEBU4BF5CK299429,orange,559,7/12/16,5448.00,1169,10/30/16,6495.00
2C3CCARG9DH020201,orange,619,6/28/16,8199.00,1074,11/2/16,10286.00
KNAFK4A60E5337385,orange,24,7/20/16,7258.00,1039,11/3/16,11535.00
3GYEK62887G370148,orange,241,9/24/16,9548.00,1490,11/3/16,12463.00
3VW4A7AT2CM414430,pink,288,6/18/16,7695.00,1132,11/6/16,11088.00
19UYA42462A762805,purple,526,5/18/16,5334.00,1256,11/7/16,6452.00
W04GP5EC6B1435610,red,149,8/5/16,9225.00,1270,11/10/16,14117.00
WAUMF98K79N552909,pink,40,8/17/16,7748.00,1292,11/11/16,11445.00
3D4PH9FG7BT154956,pink,397,5/8/16,9665.00,1346,11/16/16,14372.00
JM1NC2EF9A0551731,red,152,8/14/16,5393.00,1290,11/17/16,6878.00
4T1BK3DB0AU502383,purple,208,6/17/16,8276.00,1342,11/17/16,11228.00
5GAKVBED9BJ579943,pink,990,7/6/16,5461.00,1252,11/17/16,6792.00
WBAAX13473P789454,purple,195,9/16/16,7201.00,1213,11/18/16,8522.00
JTDKDTB35E1940155,red,454,10/21/16,8092.00,1137,11/18/16,12563.00
5N1AN0NUXFN733133,red,681,9/16/16,8923.00,1408,11/20/16,12060.00
5UXZV8C55CL956770,orange,514,5/23/16,5654.00,1250,11/21/16,8175.00
1GKS2GEJ5CR201037,purple,631,8/19/16,7489.00,1202,11/21/16,9377.00
1G6KD57937U390791,purple,767,8/15/16,9223.00,1166,11/21/16,11834.00
WAUJFAFH6EN853127,purple,194,10/2/16,9135.00,1066,11/23/16,12404.00
WDDJK7DAXEF750459,pink,482,10/2/16,8169.00,1497,11/24/16,11447.00
JN8AF5MR7FT822735,red,395,8/5/16,7292.00,1315,11/25/16,8775.00
WBA3A5C5XEF606499,purple,508,11/3/16,8760.00,1243,11/25/16,9876.00
WBA3T1C51EP077358,orange,589,9/12/16,9631.00,1405,11/26/16,10638.00
5J6YH1H32BL237925,purple,717,9/1/16,5063.00,1330,11/27/16,7570.00
KNDJT2A21D7805526,purple,549,11/4/16,5779.00,1147,11/29/16,7176.00
1G4HP54K544054976,orange,121,8/18/16,8163.00,1330,12/1/16,11990.00
1N6AA0CCXBN925377,red,251,11/12/16,6559.00,1380,12/3/16,8784.00
1G6AH5RX3D0137260,red,771,7/31/16,9515.00,1198,12/5/16,10779.00
WAUMGAFL6BA893564,red,449,9/11/16,9505.00,1340,12/6/16,10928.00
1G6DJ8EY6B0925416,pink,521,6/1/16,7813.00,1464,12/7/16,12589.00
WA1AGBFE1CD658402,purple,438,11/19/16,5113.00,1299,12/13/16,8256.00
WAUEV74FX8N851877,purple,644,6/22/16,5291.00,1373,12/13/16,7440.00
WUARL48H65K246372,purple,735,11/22/16,8246.00,1284,12/15/16,9634.00
SAJWA4HA4EM134216,red,836,9/1/16,9132.00,1151,12/20/16,10342.00
5FRYD3H95GB302454,purple,134,7/1/16,6177.00,1238,12/21/16,10905.00
SAJWA6BC3F8443210,purple,403,6/13/16,6735.00,1248,12/21/16,10716.00
1GYS4EEJXBR872951,red,800,11/1/16,9701.00,1092,12/21/16,13386.00
5FNYF3H23AB422114,pink,202,11/1/16,5514.00,1287,12/25/16,8150.00
5XYKT3A18DG954570,orange,712,9/2/16,5941.00,1471,12/29/16,8690.00
3C6TD4KT1CG781876,red,842,9/16/16,7613.00,1100,12/31/16,10297.00
1FTWF3D50AE574387,orange,964,7/15/16,5369.00,1268,12/31/16,8823.00
WAUGL98E06A281825,red,190,9/20/16,5292.00,1398,1/2/17,9083.00
2B3CA9CV9AH604067,pink,569,9/12/16,5848.00,1204,1/4/17,7386.00
JTDJTUD35ED264824,red,282,9/14/16,6374.00,1041,1/5/17,9706.00
WAUUL98E36A069908,purple,770,9/28/16,5403.00,1308,1/5/17,7003.00
5NPEB4AC6EH599643,pink,63,10/8/16,6701.00,1100,1/6/17,7836.00
JN1AZ4EH4AM945434,purple,244,8/25/16,5273.00,1257,1/6/17,9318.00
3D7JB1EP8BG504682,red,410,11/6/16,9914.00,1096,1/8/17,14566.00
WBAVC93517K463785,orange,398,10/14/16,9337.00,1131,1/11/17,12451.00
KM8JT3AB9CU580905,orange,601,12/21/16,7955.00,1255,1/12/17,10084.00
WAUMGBFL4DA219938,red,333,8/4/16,7229.00,1443,1/18/17,8984.00
WAUDF98E18A149329,red,218,10/27/16,8183.00,1247,1/23/17,12020.00
1FMJK1G56EE223801,purple,822,8/5/16,7424.00,1436,1/26/17,11574.00
WAUDF48H07A174539,red,952,9/25/16,8508.00,1213,1/28/17,9820.00
WAUSF98E68A839598,orange,13,1/1/17,5053.00,1249,1/30/17,6602.00
WDDUG7GB0FA160398,orange,365,1/4/17,7644.00,1098,1/30/17,11645.00
1D4PT2GK1AW786191,pink,23,10/9/16,8768.00,1143,1/31/17,5000.00
WBAYA8C59DD688288,purple,143,11/30/16,9590.00,1170,1/31/17,13950.00
WA1CMAFE8AD299039,pink,252,10/17/16,7123.00,1228,2/1/17,10334.00
JH4NA21601T619228,pink,875,10/29/16,7386.00,1353,2/1/17,11828.00
4T3BA3BB1EU122973,purple,51,10/24/16,5910.00,1306,2/2/17,8092.00
JTHBL5EF4B5854469,red,162,8/1/16,6661.00,1042,2/6/17,10883.00
WBAKB4C54CC507789,orange,181,9/27/16,6968.00,1261,2/6/17,8060.00
1G6DA8E55D0907658,purple,321,11/18/16,5110.00,1214,2/6/17,6897.00
WBABV13445J326915,orange,466,11/21/16,8155.00,1401,2/6/17,10188.00
WAUFFAFL1FA241355,purple,515,8/26/16,9570.00,1208,2/8/17,14228.00
1FTEW1E89AF987847,purple,558,10/28/16,9529.00,1142,2/8/17,13242.00
5BZAF0AAXEN284533,orange,553,8/17/16,7081.00,1451,2/13/17,10766.00
3FA6P0PU5FR021715,red,574,11/18/16,6689.00,1031,2/13/17,9068.00
WDDDJ7CB6BA848181,pink,137,8/4/16,9106.00,1377,2/14/17,10807.00
WAUEH74F37N917143,pink,369,10/17/16,5914.00,1156,2/14/17,9594.00
3C6TD5CT3CG149305,orange,371,7/30/16,9463.00,1292,2/14/17,11051.00
WBAKA83539C015676,pink,146,10/15/16,8434.00,1263,2/16/17,11928.00
WBAKG7C5XDE897872,orange,511,9/22/16,5800.00,1158,2/16/17,7186.00
3MZBM1K73FM319389,orange,176,10/20/16,8075.00,1041,2/18/17,12215.00
3N1CE2CP1EL956992,pink,687,10/3/16,6706.00,1008,2/18/17,10191.00
3C6JD7DP1CG091439,red,620,11/17/16,5530.00,1224,2/19/17,7130.00
1C3CDFBB2FD654619,red,90,8/20/16,7335.00,1170,2/21/17,10797.00
JHMZF1C6XES625463,pink,178,12/17/16,9856.00,1484,2/21/17,12422.00
WAUDF98E37A949063,red,402,11/18/16,5813.00,1206,2/21/17,8862.00
4T3BA3BB8DU782507,red,789,11/10/16,7090.00,1039,2/21/17,11751.00
JN1CV6FE8CM697048,purple,986,11/3/16,6719.00,1417,2/23/17,11230.00
WBADX7C51CE694960,orange,493,10/9/16,7743.00,1387,2/27/17,11738.00
JTEBU5JR3B5122585,red,319,12/23/16,5226.00,1358,3/1/17,6283.00
1G6DN8EV7A0942086,orange,200,8/25/16,7933.00,1258,3/2/17,12445.00
KMHHT6KJXFU347559,pink,96,1/12/17,9581.00,1390,3/4/17,12154.00
1FTWW3B50AE771577,purple,594,9/23/16,6014.00,1374,3/4/17,9246.00
JTDKN3DU4F0621579,pink,708,9/19/16,8323.00,1126,3/8/17,11745.00
WUAGNAFG7CN641750,pink,498,2/4/17,5084.00,1303,3/9/17,8758.00
NM0AS8F75E1555574,orange,505,10/28/16,6214.00,1461,3/9/17,10411.00
JN1AV7ARXFM132652,orange,696,2/6/17,6983.00,1168,3/9/17,10083.00
1G6DS5ED6B0910911,pink,564,12/13/16,5455.00,1232,3/10/17,6793.00
JTJHY7AX3F4456914,orange,154,9/20/16,5811.00,1394,3/15/17,9153.00
SAJWA6BU9F8998557,orange,865,12/14/16,7627.00,1082,3/16/17,11425.00
WA1MYBFE9AD133322,purple,801,1/1/17,5763.00,1297,3/17/17,9232.00
WAUKG58E75A815148,orange,820,9/25/16,9688.00,1442,3/19/17,14200.00
1G4GA5GR0CF521701,orange,147,12/6/16,8685.00,1335,3/20/17,10434.00
1GD11XEG6FF849535,orange,280,2/28/17,7309.00,1457,3/23/17,11151.00
3VWF17AT3FM228814,pink,636,12/8/16,8897.00,1342,3/23/17,12350.00
WAUEFBFL0EN005112,pink,792,12/22/16,8622.00,1480,3/25/17,12217.00
WAUEFAFL2DN271482,purple,28,11/5/16,7718.00,1260,3/26/17,9610.00
WA1LFBFP6BA865266,orange,456,2/23/17,7210.00,1031,3/26/17,11115.00
4JGDA2EB3EA024973,red,382,10/12/16,6411.00,1078,3/27/17,10831.00
5TDDK3DC0ES836770,orange,543,2/5/17,9680.00,1084,3/27/17,11660.00
KNADM4A33D6204846,pink,602,12/26/16,7110.00,1442,3/27/17,11119.00
5UXFG2C59E0082552,purple,471,11/16/16,7381.00,1115,4/2/17,8741.00
2C3CDXCT2FH667984,pink,660,11/10/16,9761.00,1028,4/2/17,10885.00
WDDPK4HA4DF802654,purple,197,10/29/16,5867.00,1232,4/9/17,9575.00
WA1CMAFE5DD641776,pink,307,3/11/17,6543.00,1465,4/11/17,7929.00
WBASP2C56DC260346,purple,562,3/1/17,8705.00,1279,4/11/17,12469.00
1GYFC66878R380702,purple,733,2/12/17,8047.00,1221,4/12/17,10692.00
1D4RD4GG7BC505396,pink,312,11/27/16,7015.00,1313,4/13/17,8852.00
WAUDH98E26A970138,orange,506,10/3/16,8999.00,1280,4/13/17,12780.00
3C3CFFBR3FT096877,red,185,12/13/16,8812.00,1322,4/14/17,12660.00
WP0AB2A90BS484802,red,882,11/11/16,8595.00,1003,4/14/17,9808.00
5UXWX9C53DL484198,pink,91,12/2/16,6360.00,1291,4/18/17,10466.00
WAUEH98E36A885667,red,598,11/25/16,8997.00,1468,4/18/17,13763.00
NM0GE9E73F1304787,red,652,1/11/17,7612.00,1335,4/20/17,9757.00
WA1AGBFE1CD408562,red,994,3/28/17,5849.00,1027,4/21/17,8327.00
WDDHH8JB7FB760942,red,180,3/29/17,9345.00,1115,4/22/17,11876.00
JTHFE2C23B2820874,red,246,12/18/16,5282.00,1252,4/26/17,8313.00
JH4KB165X7C809198,red,869,1/13/17,9559.00,1188,4/28/17,11846.00
WBAUN1C51CV533043,red,344,2/9/17,9422.00,1292,4/29/17,13404.00
WAULT68EX3A277175,purple,746,1/5/17,8116.00,1237,4/29/17,9752.00
WBA3B3C50DF987201,orange,262,3/20/17,8917.00,1110,4/30/17,11747.00
WBAWL73569P615204,purple,575,2/21/17,8597.00,1003,4/30/17,13397.00
1G6DH8EG7A0259068,purple,499,10/16/16,5320.00,1453,5/2/17,9990.00
4T3BA3BB9AU751150,orange,253,3/2/17,6254.00,1417,5/4/17,9120.00
JM1BL1K31B1580918,orange,638,2/18/17,9064.00,1368,5/4/17,12215.00
JM1NC2MF4E0428989,red,486,3/25/17,6027.00,1041,5/6/17,9443.00
WAUZL64B21N909307,orange,356,12/30/16,7309.00,1041,5/7/17,8588.00
1G6D05EG0A0112757,pink,265,11/30/16,6255.00,1129,5/10/17,9716.00
1FADP5CU8EL740349,orange,199,11/25/16,8438.00,1262,5/11/17,9573.00
3GYFK66N55G340445,orange,30,11/18/16,9536.00,1091,5/12/17,12823.00
1D7RE3GK1BS304243,red,342,3/3/17,6432.00,1444,5/12/17,10022.00
1G6DV5EP1C0023803,pink,832,12/3/16,5997.00,1326,5/12/17,7067.00
1G4GH5E37CF486648,orange,938,12/23/16,6261.00,1218,5/12/17,8132.00
2B3CM5CT2BH688586,red,226,3/14/17,5150.00,1364,5/13/17,8423.00
5NPET4AC6AH024370,orange,925,12/28/16,9753.00,1325,5/13/17,11798.00
WVGAV3AX2DW273152,orange,281,12/27/16,7176.00,1261,5/14/17,9652.00
5UXXW3C59F0545613,red,283,2/10/17,6909.00,1030,5/16/17,9322.00
WBAAX13444P679057,pink,461,11/14/16,6284.00,1154,5/16/17,11141.00
WAUAH74F47N001909,red,50,3/27/17,5591.00,1434,5/17/17,7687.00
WAUBF98E47A778234,pink,740,1/15/17,9792.00,1069,5/17/17,14138.00
WA1CGAFE1BD903491,red,189,1/4/17,5082.00,1279,5/18/17,7003.00
JN8AF5MRXCT167630,red,335,11/29/16,5775.00,1087,5/18/17,9268.00
2C3CDXCTXCH313061,red,110,1/25/17,5785.00,1491,5/21/17,10384.00
1G6DM56T850809485,purple,835,1/18/17,9414.00,1301,5/21/17,14065.00
WAUNF78P36A679406,orange,425,3/10/17,6758.00,1035,5/22/17,11737.00
5N1AZ2MG0FN154177,red,577,12/16/16,5471.00,1277,5/23/17,10199.00
WAULL44E85N574886,purple,355,1/30/17,8212.00,1275,5/24/17,11096.00
WVWAP7AN1DE301212,orange,18,12/20/16,8292.00,1110,5/29/17,9769.00
5UXZV8C57D0631668,orange,83,4/7/17,5691.00,1070,5/29/17,10198.00
2C3CDYAG1CH086001,red,404,11/23/16,7221.00,1381,6/2/17,12023.00
NM0KS9BN6DT171448,pink,442,12/11/16,8276.00,1395,6/2/17,11774.00
2G61N5S35E9232605,orange,216,11/17/16,5362.00,1492,6/3/17,9314.00
WAU2GAFC3DN352877,pink,976,4/13/17,7466.00,1307,6/3/17,9644.00
JN8AE2KP2E9160142,orange,378,1/5/17,9378.00,1473,6/4/17,11756.00
3D7TT2CT3BG148475,pink,3,12/15/16,7746.00,1470,6/5/17,12032.00
WBA5A7C54ED988058,purple,988,1/6/17,7478.00,1149,6/5/17,11901.00
3VWJP7AT4CM605705,purple,714,1/25/17,7613.00,1420,6/7/17,10806.00
JTDKN3DP9D3516977,purple,854,5/10/17,8869.00,1013,6/7/17,12396.00
WBASP2C55CC228891,orange,116,11/21/16,7495.00,1299,6/9/17,10242.00
3C3CFFCR8ET087685,orange,501,5/5/17,6722.00,1275,6/9/17,9516.00
WVGEF9BP7ED114768,purple,192,3/30/17,8729.00,1174,6/11/17,13564.00
1G6DM8ED6B0540636,orange,53,12/19/16,6804.00,1487,6/13/17,11258.00
5UXWX5C57BL673362,purple,114,12/5/16,6619.00,1217,6/13/17,9239.00
19VDE3F34DE490499,red,269,2/28/17,5722.00,1252,6/13/17,9379.00
5FNRL5H29FB172460,red,432,11/27/16,8183.00,1275,6/15/17,10480.00
2B3CJ7DJ1BH060987,orange,465,12/23/16,6284.00,1178,6/15/17,7929.00
2V4RW3DG5BR249990,red,664,3/5/17,9655.00,1311,6/16/17,11124.00
19UUA755X7A126397,pink,871,3/26/17,7231.00,1000,6/17/17,11584.00
3VW1K7AJ0EM844085,red,414,4/4/17,9812.00,1101,6/18/17,12745.00
SCFHDDAJ7BA843066,orange,239,1/23/17,6299.00,1446,6/19/17,10906.00
WBA3B3C59FF533581,orange,512,3/6/17,5587.00,1500,6/19/17,7498.00
1FMJK1F50BE307030,orange,86,1/6/17,8032.00,1200,6/20/17,9507.00
5J8TB4H36GL699612,pink,203,4/16/17,7918.00,1257,6/20/17,9375.00
1GKKRNED7DJ213930,red,213,3/28/17,9535.00,1109,6/21/17,12448.00
1GYS4AEF3DR215836,pink,328,2/15/17,8551.00,1024,6/21/17,12737.00
1D7RW5GK8BS135055,pink,524,12/9/16,7828.00,1074,6/21/17,11907.00
WBAYM1C58DD382990,red,700,12/30/16,8672.00,1420,6/21/17,10364.00
JHMZF1C69ES974436,red,890,1/30/17,7635.00,1362,6/22/17,9306.00
KMHDB8AE1AU121064,red,168,3/1/17,6068.00,1183,6/23/17,8943.00
3GYFNEEY7BS674367,orange,206,1/24/17,5970.00,1080,6/25/17,9819.00
JHMZF1C45DS114806,red,423,12/27/16,8559.00,1222,6/28/17,9695.00
WAUGGBFC8CN410198,pink,73,5/9/17,6249.00,1003,6/29/17,7506.00
1FADP5CU6FL834599,purple,20,3/6/17,9810.00,1119,6/30/17,11398.00
SAJWA4GB0EL531048,pink,491,6/4/17,5997.00,1364,6/30/17,9685.00
1G4GH5G3XCF073796,red,447,1/18/17,9487.00,1428,7/1/17,10838.00
5N1AA0NE1FN555696,purple,951,1/16/17,9629.00,1201,7/1/17,13304.00
WAUGF78KX9A546580,pink,196,3/12/17,9764.00,1222,7/8/17,14748.00
3TMJU4GN5FM707103,pink,945,12/24/16,8671.00,1059,7/8/17,12245.00
3FAHP0CG6BR946278,orange,1,1/21/17,6832.00,1381,7/9/17,9315.00
2C4RDGDG3CR667506,purple,958,1/10/17,9494.00,1363,7/9/17,10806.00
1G6DJ8E37D0947545,red,401,1/12/17,5545.00,1417,7/13/17,9178.00
3N1CN7AP2DL686217,red,676,3/24/17,8055.00,1485,7/14/17,12725.00
WVWGU9AN9BE714541,pink,824,2/27/17,7285.00,1174,7/14/17,11301.00
WVWED7AJ9CW249148,pink,971,2/21/17,8974.00,1445,7/15/17,13825.00
1C3BC7EG6BN754528,red,182,6/24/17,9933.00,1052,7/16/17,12538.00
1GYFK668X8R784774,red,387,2/26/17,7280.00,1209,7/16/17,11202.00
WAULFAFH2DN633068,purple,883,4/3/17,7362.00,1025,7/16/17,8527.00
1FMJU1H50AE034032,purple,788,2/26/17,6801.00,1298,7/19/17,11117.00
3GYVKLEF7AG848396,purple,753,1/30/17,8280.00,1346,7/23/17,13082.00
JH4KB16337C820218,purple,11,5/21/17,7769.00,1189,7/25/17,12238.00
3MZBM1K71EM959678,orange,351,1/15/17,7046.00,1362,7/25/17,9616.00
YV1902FH9D1172330,red,902,3/17/17,5216.00,1263,7/25/17,10207.00
JM1NC2JF7C0707788,red,556,4/18/17,6495.00,1477,7/26/17,11410.00
5GALVCED2AJ314421,pink,831,1/8/17,9491.00,1236,7/26/17,12591.00
SCFHDDAJ8CA836404,orange,434,6/28/17,5926.00,1264,7/29/17,7726.00
WVGEF9BP6ED860144,purple,853,4/13/17,7746.00,1328,7/31/17,10273.00
5N1AT2MK7EC670083,orange,674,4/26/17,7046.00,1323,8/6/17,11110.00
2G4WB52K031698257,pink,231,2/19/17,5362.00,1006,8/7/17,7348.00
1G6DN57S350998260,orange,467,6/27/17,9265.00,1289,8/8/17,13228.00
1FMJU2A58AE405874,red,536,6/5/17,8845.00,1388,8/8/17,13825.00
WAUHE78P99A688146,red,790,4/14/17,9132.00,1257,8/11/17,12761.00
WAUAFAFL9BN044706,red,2,5/20/17,8791.00,1492,8/12/17,11185.00
1G6AB5R36E0972835,purple,303,5/19/17,6482.00,1163,8/12/17,8789.00
1G6AG5RX1F0213452,red,422,6/1/17,9524.00,1007,8/15/17,10938.00
1G6KD57Y83U380579,pink,599,6/5/17,7772.00,1058,8/18/17,11164.00
1GYS3GEF9DR811541,red,360,7/26/17,5784.00,1276,8/20/17,9170.00
1FTMF1CW2AF714696,orange,460,3/6/17,7065.00,1092,8/24/17,8393.00
1G6DG5E56C0514067,orange,43,4/26/17,9254.00,1039,8/25/17,13612.00
WAUWMAFCXEN399321,purple,431,3/30/17,8294.00,1241,8/25/17,9985.00
1G4HR54K81U224642,purple,725,3/15/17,9998.00,1075,8/26/17,13610.00
YV1382MW5A2217575,pink,534,4/27/17,8676.00,1372,8/27/17,12167.00
5J6YH1H37BL950075,pink,722,5/29/17,7417.00,1281,8/27/17,10477.00
JN8AZ2NC9C9340812,red,385,2/20/17,8678.00,1377,8/28/17,10840.00
WAUKF78E67A306279,purple,349,5/9/17,6460.00,1363,8/31/17,10579.00
3D73M4HL6AG149801,orange,113,4/1/17,9049.00,1370,9/1/17,12768.00
WAUSH94F77N359733,orange,156,4/26/17,8258.00,1114,9/1/17,10891.00
WAUKGBFB0AN546906,purple,64,6/16/17,8069.00,1096,9/2/17,11821.00
WBAKN9C52ED400919,pink,315,5/13/17,6368.00,1198,9/4/17,10469.00
WBADS33443G436600,pink,903,3/15/17,5128.00,1155,9/4/17,9328.00
JN8AS5MT3AW838557,red,163,4/28/17,6620.00,1213,9/5/17,7700.00
3D73Y4HL1AG120050,pink,528,3/14/17,7936.00,1172,9/7/17,11919.00
SAJWA1CB7BL194281,orange,596,5/14/17,8691.00,1412,9/7/17,13423.00
JH4CL969X8C769855,red,188,4/13/17,5375.00,1174,9/9/17,6671.00
2HKRM3H30DH973092,pink,276,3/22/17,6344.00,1259,9/10/17,11322.00
1GYUKAEF1AR342515,red,998,3/5/17,5125.00,1160,9/10/17,9048.00
WBAVB735X8K725280,pink,132,5/11/17,7641.00,1379,9/11/17,9514.00
WP1AA2AP1AL921079,orange,148,4/23/17,7811.00,1247,9/11/17,11265.00
KM8JT3AB0DU337193,orange,167,7/3/17,6847.00,1337,9/13/17,11459.00
3D73Y4HL5BG340955,orange,610,8/5/17,5518.00,1412,9/13/17,10322.00
JN1BY0AP0AM957271,pink,783,6/19/17,9349.00,1472,9/14/17,13892.00
2G4WB52K231264728,pink,125,6/1/17,8599.00,1114,9/16/17,11070.00
3VW467AT8DM036715,red,939,7/16/17,6533.00,1219,9/16/17,9497.00
3GYFK66N34G493226,orange,560,3/17/17,8539.00,1103,9/17/17,12857.00
WBA3T7C59FP964405,pink,858,6/2/17,9443.00,1187,9/18/17,12267.00
SCFEBBAC9AG823783,orange,893,8/1/17,6871.00,1083,9/22/17,8922.00
SCBZB25E52C494670,purple,478,5/6/17,6235.00,1388,9/23/17,8344.00
WBABN534X3P058583,pink,891,8/20/17,8594.00,1099,9/23/17,12340.00
3C4PDDGG9ET975944,purple,694,5/30/17,7041.00,1056,9/25/17,11443.00
3N1AB6AP5AL405226,pink,973,4/23/17,5350.00,1289,9/25/17,7210.00
5FRYD3H65GB792139,orange,220,8/21/17,8934.00,1142,9/26/17,11819.00
WBANA73514B513526,pink,331,5/8/17,5037.00,1148,9/26/17,7673.00
WUATNAFG6EN444859,pink,291,4/24/17,6827.00,1245,9/28/17,8615.00
3C63DPBL1CG933835,orange,4,6/14/17,6176.00,1381,9/30/17,10547.00
1GYS3GEF8CR743098,purple,266,7/8/17,8249.00,1499,10/5/17,9739.00
WAUKFAFLXEN778456,orange,468,7/16/17,9223.00,1095,10/5/17,10965.00
KL4CJHSB2FB246577,orange,67,8/22/17,7183.00,1188,10/6/17,11497.00
WBAVB73527F605433,red,299,5/17/17,5799.00,1385,10/7/17,10315.00
2G4WS55J941337792,pink,522,4/1/17,9744.00,1298,10/8/17,11457.00
JN1CV6EK1DM234046,red,61,8/10/17,7630.00,1386,10/9/17,10520.00
5J6TF1H56EL712949,orange,417,8/9/17,8075.00,1434,10/9/17,9239.00
5N1AZ2MG8FN067191,orange,662,6/1/17,8026.00,1487,10/10/17,9717.00
WAUDGBFL1DA093585,purple,249,4/27/17,8130.00,1071,10/11/17,12134.00
JTEBU5JR5C5019203,pink,954,6/2/17,8372.00,1293,10/12/17,12896.00
3D4PG6FV9AT550417,purple,604,5/9/17,5115.00,1281,10/14/17,6597.00
WA1WMAFEXCD276720,purple,554,7/5/17,6976.00,1125,10/17/17,9945.00
1G6DA67V480010614,red,642,8/6/17,9431.00,1475,10/20/17,11574.00
1FTWX3A59AE376358,orange,709,5/5/17,5626.00,1023,10/21/17,7516.00
5TDBK3EH1BS194590,orange,47,6/4/17,7976.00,1304,10/22/17,11782.00
WAUBFAFL9EA702735,red,761,9/22/17,9847.00,1056,10/22/17,11546.00
WAUFGBFC6EN813269,red,948,8/5/17,5402.00,1312,10/22/17,9205.00
WBAYA8C55FD913292,orange,985,6/16/17,5266.00,1282,10/23/17,6868.00
KM8NU4CCXAU408955,red,14,7/4/17,8438.00,1496,10/25/17,10362.00
WAUKF78E47A697299,pink,838,7/14/17,6863.00,1108,10/26/17,9969.00
1G6AL5SX0E0242025,orange,645,10/5/17,5172.00,1476,10/29/17,8767.00
3MZBM1K72EM219797,orange,111,7/31/17,8550.00,1081,10/31/17,9927.00
WAUEG74F36N038288,orange,490,9/23/17,5182.00,1026,10/31/17,6856.00
WAUDK78T79A652802,purple,640,4/21/17,9098.00,1272,11/3/17,13272.00
JTDKN3DP2C3773977,red,895,5/8/17,8990.00,1316,11/7/17,13487.00
WVWAB7AJ8CW690600,red,488,5/22/17,7883.00,1472,11/10/17,9682.00
JM1NC2LF4D0472782,purple,825,10/5/17,5901.00,1290,11/10/17,10332.00
WP0AD2A71EL999542,orange,888,6/8/17,6657.00,1258,11/10/17,9439.00
WAUAF98E96A650145,orange,284,10/2/17,7295.00,1473,11/12/17,9870.00
WP0AB2A91FS716927,pink,489,9/30/17,8472.00,1211,11/13/17,10337.00
3VWKX8AJ3BM374061,red,386,6/24/17,7075.00,1353,11/14/17,8511.00
WBAVM5C56DV997428,pink,84,9/19/17,5744.00,1145,11/15/17,10569.00
1G4HP57M49U287977,pink,930,5/30/17,9762.00,1358,11/15/17,11365.00
WBA1F5C52FV678264,pink,222,6/20/17,6752.00,1177,11/17/17,7936.00
JN1AZ4EHXEM941653,orange,201,5/6/17,5216.00,1363,11/18/17,7885.00
5N1AA0NC8CN714871,pink,799,10/12/17,6903.00,1317,11/20/17,7983.00
WAUDV74F78N764580,red,260,9/15/17,6368.00,1030,11/21/17,10388.00
WBSBL93474J452944,pink,627,7/7/17,9078.00,1447,11/22/17,11119.00
2G61L5S39F9315767,orange,897,8/26/17,5283.00,1021,11/22/17,8213.00
KNADM5A39E6194878,red,212,10/30/17,7657.00,1157,11/23/17,11857.00
1G6DH8EYXB0885241,pink,210,9/20/17,5371.00,1077,11/25/17,7862.00
JH4NA12664T240358,orange,595,8/2/17,8123.00,1147,11/25/17,11492.00
WBA3R5C51FK725608,pink,812,9/23/17,9026.00,1143,11/25/17,10240.00
JM1NC2EF3A0082510,purple,684,5/13/17,6230.00,1219,11/26/17,10406.00
KNADH4A39B6755834,pink,677,10/5/17,5812.00,1400,11/29/17,8233.00
WAUYGBFC9DN024198,red,630,6/14/17,7036.00,1152,11/30/17,11985.00
WAUBF98EX8A875228,pink,318,7/21/17,5910.00,1379,12/1/17,7473.00
WA1WMAFE3AD453668,pink,370,11/4/17,5016.00,1255,12/4/17,6623.00
WAUVT64B34N807579,orange,979,7/9/17,9228.00,1450,12/4/17,12229.00
JN8CS1MW0EM658420,red,960,10/7/17,8795.00,1251,12/5/17,10592.00
3VW507AT0FM799269,purple,421,8/25/17,7307.00,1178,12/8/17,9818.00
WAUNG74FX9N147089,pink,699,7/29/17,8608.00,1398,12/10/17,11876.00
WBA5B3C57ED982390,pink,908,7/9/17,7872.00,1233,12/10/17,12793.00
WA1CFAFP0FA503949,orange,992,8/10/17,6971.00,1397,12/12/17,11565.00
WAUCFAFH6CN829495,pink,8,7/4/17,9784.00,1441,12/13/17,11328.00
WAUAFAFH1DN013724,red,635,7/7/17,9194.00,1455,12/14/17,11518.00
WA1LMAFE3AD428188,red,909,7/15/17,9994.00,1397,12/15/17,12714.00
WUALNAFG7EN965024,orange,52,9/20/17,5281.00,1448,12/16/17,9749.00
1N6AA0CA2AN340399,purple,669,8/16/17,7569.00,1356,12/16/17,12381.00
1N4AA5AP8AC128115,orange,326,11/16/17,9836.00,1091,12/19/17,11595.00
1G6DF5E58D0014531,pink,936,9/24/17,8597.00,1167,12/20/17,12433.00
1FT7W2A66EE639728,orange,772,6/9/17,5945.00,1002,12/21/17,8200.00
4T1BK3DBXBU310678,red,127,8/25/17,5927.00,1327,12/24/17,7665.00
1N6AA0CC4CN661011,red,927,9/13/17,5420.00,1193,12/24/17,7348.00
2C3CDXGJ0DH638800,red,234,10/12/17,9352.00,1254,12/26/17,14136.00
KNDJT2A54C7651631,red,381,10/2/17,6025.00,1202,12/28/17,8135.00
5J8TB3H53FL802284,orange,719,10/11/17,9533.00,1124,12/29/17,11298.00
WBAYF8C52FD558096,red,851,8/5/17,7932.00,1153,1/3/18,11955.00
5J8TB18227A724426,orange,187,6/30/17,5061.00,1274,1/5/18,9732.00
4T1BK3DB0AU685221,pink,261,10/26/17,8113.00,1312,1/7/18,9998.00
WBAEV53433K919175,orange,520,10/23/17,9748.00,1076,1/8/18,10840.00
1G6DJ5EV6A0436243,purple,769,7/21/17,8797.00,1128,1/8/18,10497.00
WAUDL74F45N073640,orange,991,10/31/17,5082.00,1211,1/8/18,8251.00
1G6AM1R32F0110359,purple,109,10/23/17,8537.00,1454,1/13/18,13493.00
WAUFFAFL6FA638978,red,519,7/4/17,9311.00,1028,1/13/18,11896.00
5TDBKRFH0ES504718,orange,380,11/7/17,6340.00,1243,1/15/18,7518.00
WAUSH78E48A461523,purple,810,9/7/17,8255.00,1399,1/15/18,11911.00
JTEBU5JR2C5439923,orange,862,7/7/17,5908.00,1031,1/20/18,10265.00
1N4AL3AP9DC632403,purple,866,10/17/17,8492.00,1341,1/20/18,11777.00
WBA3C3C58EP055689,orange,322,8/31/17,5208.00,1278,1/24/18,9544.00
WBAFU9C54DD052804,orange,673,9/23/17,9719.00,1308,1/25/18,11909.00
5FRYD4H90GB279073,pink,405,11/12/17,8646.00,1191,1/27/18,12169.00
1G4GD5GGXAF616396,pink,31,9/20/17,7455.00,1077,1/30/18,11690.00
WBA3R1C59FK761572,orange,752,9/26/17,9607.00,1294,1/31/18,10666.00
WAUJF98K99N497883,orange,453,9/1/17,7110.00,1334,2/2/18,10792.00
WUAUUAFG9BN136037,pink,16,10/13/17,5565.00,1182,2/3/18,6906.00
2T3BF4DV9AW012262,pink,626,11/9/17,8063.00,1382,2/5/18,12873.00
SCBFC7ZA9DC008398,pink,754,11/13/17,8595.00,1077,2/5/18,11022.00
JM3KE2BE7E0763730,red,258,11/16/17,7136.00,1289,2/9/18,11218.00
3C3CFFCR4DT218075,orange,214,11/27/17,7269.00,1166,2/12/18,9329.00
4JGBF2FEXBA204299,orange,419,11/7/17,6768.00,1176,2/13/18,11169.00
WBAUU3C5XBA419675,orange,411,8/14/17,9618.00,1074,2/14/18,12021.00
5TDBK3EH8CS829869,pink,433,9/7/17,6461.00,1018,2/14/18,9684.00
2D4RN3D14AR310711,pink,546,8/16/17,8659.00,1122,2/14/18,12452.00
19XFB2F57EE507558,orange,904,8/15/17,6604.00,1458,2/14/18,11087.00
WAUSG94F49N076695,pink,919,9/4/17,6997.00,1468,2/16/18,9259.00
WAU3VAFR1AA843840,pink,155,9/19/17,6185.00,1004,2/21/18,10393.00
WAUDF98EX5A226694,purple,768,9/3/17,7241.00,1275,2/23/18,9859.00
2G4GT5GX5F9479385,orange,354,10/2/17,7128.00,1311,2/25/18,11133.00
1GD01ZCG0CF153226,orange,165,8/21/17,8567.00,1418,2/28/18,12247.00
3GYFNFEY0BS832991,purple,934,9/22/17,9228.00,1494,2/28/18,11928.00
WVWED7AJ6CW318460,pink,242,10/3/17,9302.00,1185,3/1/18,11216.00
WBA6B2C55FG144387,pink,39,11/1/17,9251.00,1378,3/2/18,13277.00
1B3CB3HA7AD361050,purple,361,11/16/17,6324.00,1441,3/2/18,8326.00
WAUAFAFCXCN622720,purple,649,11/19/17,7837.00,1073,3/4/18,12469.00
5J6TF2H59FL819856,red,863,11/26/17,5381.00,1189,3/4/18,9200.00
WAUEF78E78A880999,purple,507,11/12/17,5826.00,1271,3/8/18,8163.00
WBA3B3C57FJ303387,red,389,11/18/17,8745.00,1387,3/9/18,10161.00
YV4902DZ8E2818306,orange,325,10/2/17,8567.00,1350,3/16/18,11814.00
JTDJTUD3XED549874,pink,95,10/24/17,7139.00,1385,3/18/18,9374.00
1G4GD5EG1AF769896,pink,819,10/22/17,7558.00,1137,3/20/18,9159.00
2FMDK3AC7AB480049,red,274,11/16/17,9939.00,1446,3/24/18,14105.00
2C3CDZBT6FH014765,purple,215,10/7/17,6299.00,1020,3/25/18,8235.00
WAUKFAFL1BA871921,orange,140,9/13/17,8001.00,1366,3/31/18,12036.00
1G6AP5SX4F0763156,orange,503,10/21/17,5978.00,1440,3/31/18,10906.00
3VWPG3AG6AM242892,orange,70,9/19/17,9739.00,1352,4/3/18,12979.00
SCFAD02A95G349611,purple,686,10/7/17,8651.00,1205,4/4/18,10516.00
WAUBH78E86A552016,orange,607,11/15/17,7563.00,1305,4/6/18,9241.00
5FRYD3H46FB758109,purple,917,9/26/17,5200.00,1018,4/12/18,6244.00
19UUA9E57DA519765,red,787,11/27/17,6497.00,1373,4/14/18,9629.00
SCFFDCBD7AG699461,red,634,10/24/17,7058.00,1378,4/16/18,11873.00
5GADV23147D274499,red,981,11/17/17,9629.00,1346,4/18/18,12133.00
3D73Y3HL4BG932616,red,364,10/29/17,7373.00,1131,4/26/18,8709.00
1G6DK8EG3A0938949,pink,5,11/23/17,7929.00,1443,4/27/18,11944.00
5GNRNGEE5A8270009,pink,894,10/23/17,9853.00,1227,5/3/18,14746.00
1G4GC5ER7DF803140,purple,399,10/24/17,7790.00,1276,5/7/18,12263.00
1FTEW1C80AK775929,red,804,11/14/17,5852.00,1269,5/7/18,8475.00
WP1AE2A21EL951326,orange,384,11/11/17,8785.00,1041,5/10/18,13593.00
1G6DA5EY5B0435032,red,911,11/11/17,6593.00,1118,5/18/18,10541.00
4JGDA2EB2EA817231,pink,537,11/16/17,6138.00,1489,6/2/18,10195.00
WVWED7AJ7BW377693,purple,9,10/6/16,6508.00,,,
1G4PR5SK9F4302125,orange,12,8/23/15,7873.00,,,
1D4PU6GX9AW870419,red,15,6/1/17,9075.00,,,
WA1LFAFP2BA254029,red,22,1/23/15,5190.00,,,
1G6DH5E59C0749396,red,25,3/7/16,9775.00,,,
JTHBC1KS2A5899452,purple,26,9/30/15,6718.00,,,
WVGAV7AX5CW658629,orange,34,1/8/16,9680.00,,,
WAUKF98EX5A408323,pink,35,9/4/15,5630.00,,,
WAUSFAFL1AA281944,orange,48,12/18/16,6966.00,,,
1GTG5AE36F1192455,red,59,8/17/16,6054.00,,,
WA1WKBFP6CA884958,pink,77,4/11/15,9307.00,,,
1FTWW3B5XAE898420,red,82,9/9/15,9469.00,,,
SALFR2BG7FH471104,red,108,11/26/15,9651.00,,,
JHMFA3F28AS216376,pink,118,2/16/17,7500.00,,,
WAUMF98P06A349178,purple,120,8/8/17,8395.00,,,
WVGAV7AX7BW410350,purple,122,10/31/16,5372.00,,,
WAUVC68E63A856415,orange,126,9/1/15,7975.00,,,
WAURMAFD6EN101031,pink,131,6/26/17,7084.00,,,
2C4RDGBG0FR125108,red,153,11/9/16,5249.00,,,
1FTEX1C80AK268655,purple,160,10/30/15,7824.00,,,
5N1AR1NB1BC743922,pink,171,9/17/16,8501.00,,,
5GAKVDED2CJ860172,pink,175,10/15/15,5789.00,,,
KMHHT6KD9CU092585,orange,179,6/10/15,7341.00,,,
WAUVT68E35A659625,purple,186,2/26/17,7479.00,,,
5UXFE4C51AL141426,pink,207,11/27/17,5513.00,,,
JH4KB2F60CC501305,pink,221,1/9/17,8616.00,,,
JN8CS1MU3DM615591,pink,232,5/18/16,6669.00,,,
WBAUT9C52CA676109,red,233,9/5/17,5136.00,,,
WAUSF78KX9N867019,red,237,9/26/15,6938.00,,,
5TDBKRFH7FS345701,orange,245,12/2/14,6402.00,,,
JN8AF5MR2DT022048,red,255,10/10/16,6402.00,,,
3N1AB7AP6FY692978,pink,271,1/16/17,9466.00,,,
5N1BA0NE3FN517987,purple,278,7/18/16,9199.00,,,
1FMEU7DE9AU207708,purple,286,12/20/14,6252.00,,,
JH4DC53095S040315,pink,290,8/5/15,8213.00,,,
2G4WC582181158377,pink,292,1/30/17,7025.00,,,
1G6AA5RAXD0582207,pink,302,12/25/15,8684.00,,,
1FA6P0G77F5098552,red,304,6/1/17,6874.00,,,
JA4AS2AW5AZ663407,pink,309,2/26/17,6114.00,,,
WAUJT68E72A937288,red,311,7/5/16,5733.00,,,
2CTALBEW3A6822017,pink,313,6/3/16,7898.00,,,
WAUVC68E42A000044,orange,314,2/23/17,7280.00,,,
1G6KD57Y89U573470,red,320,6/24/16,9884.00,,,
3GYFNGE33FS308699,purple,324,8/29/17,6604.00,,,
5FRYD4H86FB143813,pink,334,10/29/15,6842.00,,,
1LNHL9DK3FG608147,pink,337,11/6/16,7027.00,,,
3VWML7AJ4EM212183,red,346,6/23/15,6564.00,,,
WAUCFAFR4EA975817,pink,348,8/15/16,7612.00,,,
WAUFFAFL4DN310254,orange,350,2/8/17,5328.00,,,
JH4CU2F86EC990246,red,353,9/25/17,6613.00,,,
2C3CDXDT1DH766999,orange,367,1/4/15,6567.00,,,
1G6AS5SX8E0087338,pink,368,11/8/17,6751.00,,,
5GAKVCED8CJ830880,purple,374,10/5/15,6163.00,,,
WAUVT68E34A939785,purple,383,3/17/15,6736.00,,,
2HNYD28528H205288,red,388,11/10/15,7737.00,,,
2T3BF4DV7BW008700,purple,392,3/30/15,7784.00,,,
3C4PDCGB3FT026938,purple,400,12/24/16,5657.00,,,
1FMJU1K54AE094470,pink,408,12/17/15,9829.00,,,
WBASN4C57BC390229,purple,412,12/16/16,7533.00,,,
3C6JD6EP6CG785181,purple,415,11/6/15,6452.00,,,
4A31K2DFXCE576904,pink,418,6/19/15,8835.00,,,
WAUHF78PX6A307560,red,429,3/16/17,9347.00,,,
3N1AB6AP2CL306575,red,430,1/27/16,8094.00,,,
3GYFNHE31DS367317,red,443,2/2/17,7276.00,,,
3TMJU4GN5FM131318,red,459,9/22/15,9188.00,,,
WAUEF78EX8A993992,red,462,3/5/17,8902.00,,,
YV1902AH7D1062206,orange,463,8/31/15,7317.00,,,
1GKUCFDJ1AR298008,orange,464,10/1/17,6101.00,,,
1FTSW3B58AE565907,orange,469,2/11/16,5864.00,,,
WBAPM5C55BA302000,red,470,1/16/16,9915.00,,,
WBA3B1G58EN850898,orange,474,10/10/15,6170.00,,,
5N1AN0NW9DN611099,purple,476,1/11/17,5897.00,,,
1FTEW1CM7BK136008,pink,479,6/2/15,9547.00,,,
JN8AF5MR8ET096057,pink,492,7/7/15,8328.00,,,
1G6KD5E6XBU245801,pink,494,7/9/15,6567.00,,,
WAUSG78E96A888437,orange,495,10/3/15,6178.00,,,
1GD02ZCG4BZ439476,orange,527,11/24/16,6843.00,,,
WBAVA33537F617313,pink,530,6/4/15,9569.00,,,
2FMPK3K90FB342019,purple,539,5/8/16,9268.00,,,
2C3CK6CT2BH710472,purple,540,6/1/15,7165.00,,,
3D7JV1EP9AG275838,orange,541,2/14/16,7783.00,,,
1G6DP5E36D0304780,pink,542,7/28/16,9979.00,,,
WAUAF78E38A932417,red,545,5/19/16,7792.00,,,
3D73M4HL5BG921982,pink,551,2/8/15,8456.00,,,
5J6TF3H53FL508784,orange,552,5/9/15,8408.00,,,
SCBFR7ZA5CC576788,purple,555,6/17/17,6123.00,,,
1FTSX2A51AE268616,red,557,1/1/17,7347.00,,,
WBAVB73577V934280,purple,563,6/10/15,5287.00,,,
WAUFL54D61N668981,orange,565,1/2/17,8121.00,,,
WBANW1C58AC016865,orange,567,2/3/17,5266.00,,,
JTEBU5JRXE5300299,orange,568,12/7/16,8076.00,,,
KMHGH4JH4EU791843,purple,571,6/4/15,8239.00,,,
WAUFFAFC1DN174228,pink,573,1/5/16,6738.00,,,
1G6AH5RX6D0326288,purple,579,12/24/16,5239.00,,,
1G6YV36A595964294,purple,587,5/31/16,8690.00,,,
KMHDB8AE2AU117413,orange,588,12/23/16,8681.00,,,
1FMJK1H55CE462381,red,590,2/20/16,7275.00,,,
YV1622FS8C2236391,orange,612,12/20/14,5254.00,,,
WAUKH74F98N052313,pink,617,1/4/16,9506.00,,,
WBAXA5C51FD509772,pink,621,3/29/16,6233.00,,,
WAUDF68E95A035640,pink,637,2/19/16,5096.00,,,
2G4GN5EX3E9152964,pink,641,5/12/16,6439.00,,,
2FMDK3KC4AB427548,pink,655,8/25/15,7705.00,,,
1G4GH5E38DF906645,red,663,8/22/15,7807.00,,,
3VWKZ7AJ6BM817274,orange,666,6/20/15,7162.00,,,
WAUMFAFHXFN709837,pink,667,2/12/15,6139.00,,,
WBA1J9C57FV235615,red,675,5/27/17,6693.00,,,
WAULH64B31N136614,pink,682,8/6/16,7339.00,,,
1G4HG5EM9AU777077,orange,688,12/24/14,9994.00,,,
WA1LFBFP0CA541568,red,691,9/2/17,5032.00,,,
3D7TP2HT1AG677564,red,697,2/24/17,6315.00,,,
JTDKN3DU8B0073757,pink,702,10/19/16,5503.00,,,
WAUNF78P57A074000,pink,704,8/13/15,9914.00,,,
JH4CL95998C326727,red,706,1/24/17,5083.00,,,
WP1AA2A20EL283675,red,707,8/10/17,9297.00,,,
WAUDH78E98A600540,pink,713,9/28/16,8874.00,,,
4T1BB3EK3AU037838,pink,723,4/22/15,8780.00,,,
WBANA73515C948025,purple,724,10/21/16,7010.00,,,
1N6AA0EJ9FN632913,red,726,12/28/15,8376.00,,,
1FTSX2B50AE408122,red,734,3/18/16,9300.00,,,
1C4NJPBA1FD164389,purple,736,8/14/17,9674.00,,,
5NPDH4AE8DH137580,orange,737,5/11/16,9265.00,,,
1FTEW1CF2FK647844,purple,739,6/15/15,6242.00,,,
2HNYD18892H335371,purple,742,11/16/17,6622.00,,,
1FTWX3A55AE001292,purple,747,5/13/16,9540.00,,,
1G6DJ1E37D0548612,orange,751,4/28/15,8830.00,,,
3D73Y3HL2BG093324,pink,757,8/4/16,5739.00,,,
WAUKH98EX6A169710,pink,763,9/1/17,6284.00,,,
1G4PR5SK4E4800733,orange,764,4/1/16,5952.00,,,
3D73M3CL5BG263596,orange,774,1/1/15,8003.00,,,
WBA3X9C52ED654130,purple,778,1/23/17,5686.00,,,
WBAEN33464P033392,purple,780,8/21/16,5328.00,,,
WP1AE2A25BL862581,red,782,9/23/17,9262.00,,,
3GYFNDE39CS031003,orange,784,12/30/16,7040.00,,,
WBAEN33433P924965,red,786,7/27/15,9166.00,,,
3C63DPGL6CG944886,purple,793,6/3/17,9157.00,,,
JN8BS1MW4EM446258,red,795,8/19/17,7384.00,,,
JN1BJ0HR3FM799740,red,796,9/11/17,8702.00,,,
1D7RE3BKXAS945638,red,798,9/15/17,8004.00,,,
3FADP0L35CR430006,pink,802,4/27/15,5401.00,,,
5TDBK3EH5BS906941,red,807,5/9/17,8147.00,,,
5N1AA0NC1DN460616,red,809,8/28/15,7033.00,,,
1N6AA0CA5CN148221,red,816,1/7/16,5046.00,,,
1G6AK5S34F0587981,pink,817,11/24/17,9040.00,,,
WAUAKAFB2BN307752,purple,821,11/9/16,6593.00,,,
JM1NC2MF0D0046344,pink,829,10/21/15,5495.00,,,
KMHEC4A41EA121798,red,830,1/17/16,9027.00,,,
WA1YD54B62N819496,pink,844,1/18/15,7250.00,,,
1G6DN56S150511011,purple,845,10/21/17,6173.00,,,
SALVN2BG3DH810798,red,846,1/11/16,9812.00,,,
WAUEFAFLXBA964434,red,849,1/28/15,8941.00,,,
2G4WC552771312545,purple,850,11/22/15,8496.00,,,
3N1AB6AP3AL669190,purple,852,2/1/17,7278.00,,,
3VWF17AT5FM441795,red,861,11/9/17,6859.00,,,
4A4AP3AU1EE567873,purple,864,8/11/15,6530.00,,,
2C3CDXGJ2EH732033,purple,868,6/15/17,6736.00,,,
1G6DK8E39C0348156,red,870,12/21/14,6140.00,,,
2HNYD18441H405516,red,876,12/24/16,8178.00,,,
1GD02ZCG2CF734207,purple,879,7/7/17,5650.00,,,
1G6AH5SX6E0602478,pink,880,12/10/14,7251.00,,,
WBAPH57599N770619,pink,885,6/14/17,6973.00,,,
2G4GN5EC3B9245900,purple,886,12/24/15,6853.00,,,
WBAPH5G5XBN010432,red,892,12/25/16,9617.00,,,
SALGS2TF2FA589391,red,905,1/11/16,6386.00,,,
WBA4C9C54FD143696,pink,906,4/6/15,6931.00,,,
1NXBU4EE0AZ659291,orange,907,7/2/15,8333.00,,,
YV126MFD0F2057296,pink,912,5/10/15,5744.00,,,
JH4CU25689C699320,purple,913,6/6/15,6274.00,,,
WAUMFAFL0CN535194,purple,916,12/3/14,6693.00,,,
5N1AR2MM4FC788593,red,921,4/27/15,5396.00,,,
JTJBJRBZXF2183410,pink,922,9/15/17,5377.00,,,
YV1612FH8E2916270,purple,923,7/23/17,5597.00,,,
WBANE53557B745401,purple,931,5/9/15,9808.00,,,
SCFAB02A87G055030,orange,932,5/23/15,5587.00,,,
WBANE735X6C582734,pink,935,3/23/15,5099.00,,,
KMHTC6AD0EU997036,pink,937,9/1/16,7257.00,,,
TRUTC28N961514955,orange,940,4/24/17,8022.00,,,
WDDHF0EB0FB888604,red,941,11/9/15,8715.00,,,
3GYFK66N96G140783,purple,946,10/24/16,9028.00,,,
1G6DN57U660526542,orange,950,1/19/15,7058.00,,,
WVGEF9BPXFD446737,red,953,4/30/15,8392.00,,,
SCBLC43F86C079083,orange,956,4/6/17,5777.00,,,
JN1CV6FE9FM244187,red,957,7/31/16,8411.00,,,
1C6RD7NT0CS009224,pink,959,5/31/15,5518.00,,,
SCFEBBCF1CG804560,red,961,1/23/17,6795.00,,,
1G6DL8ED4B0535776,pink,966,1/3/15,7131.00,,,
JTHBK1GG2F2639052,purple,967,2/24/17,7502.00,,,
SALVN2BG8EH740250,orange,968,7/2/16,6605.00,,,
1N6AD0CW5EN489687,pink,975,8/8/15,5902.00,,,
1D4PU4GK8BW820430,red,977,11/6/15,8034.00,,,
1D7CE5GK3AS089433,pink,980,1/15/15,5520.00,,,
WBAPT73558C739118,red,982,12/14/16,5029.00,,,
1G4GD5GG3AF463702,purple,995,4/12/15,9874.00,,,